{
    "loss": 6.4539289474487305,
    "accuracy": 0.2604166666666667
}