{
    "loss": 6.186921755472819,
    "accuracy": 0.3541666666666667
}